participant_id,tour_id,household_id,person_id,participant_num
171301,1713,11,34,1
171302,1713,11,35,2
171303,1713,11,36,3
186701,1867,12,37,1
186702,1867,12,38,2
211301,2113,16,42,1
211302,2113,16,43,2
211304,2113,16,45,3
471301,4713,32,94,1
471302,4713,32,95,2
537101,5371,37,107,1
537102,5371,37,108,2
546901,5469,38,109,1
546902,5469,38,110,2
546903,5469,38,111,3
561901,5619,39,112,1
561902,5619,39,113,2
571301,5713,40,114,1
571302,5713,40,115,2
856901,8569,57,171,1
856902,8569,57,172,2
856903,8569,57,173,3
856904,8569,57,174,4
936301,9363,64,187,1
936302,9363,64,188,2
936303,9363,64,189,3
936304,9363,64,190,4
1331701,13317,98,266,1
1331702,13317,98,267,2
1331703,13317,98,268,3
1331704,13317,98,269,4
1436501,14365,103,287,1
1436502,14365,103,288,2
1436503,14365,103,289,3
1461901,14619,105,292,1
1461903,14619,105,294,2
1582102,15821,115,317,1
1582103,15821,115,318,2
1582104,15821,115,319,3
1582105,15821,115,320,4
1666301,16663,120,333,1
1666303,16663,120,335,2
1681501,16815,121,336,1
1681502,16815,121,337,2
1736901,17369,126,347,1
1736902,17369,126,348,2
1831301,18313,130,366,1
1831303,18313,130,368,2
1831304,18313,130,369,3
